"Time since moving","Resistence to move"
0,1
1,0.947478992
2,0.896694215
3,0.847560976
4,0.8
5,0.753937008
6,0.709302326
7,0.666030534
8,0.62406015
9,0.583333333
10,0.59379562
11,0.555395683
12,0.570642202
13,0.595560748
14,0.621428571
15,0.648300971
16,0.676237624
17,0.70530303
18,0.73556701
19,0.75
20,0.75
21,0.75
